0,1,2,3,4,5,6,7,8,9,10
112641.0,110592.0,88064.0,88064.0,88064.0,88064.0,88064.0,88064.0,88064.0,88064.0,88064.0
104452.0,104449.0,36864.0,36864.0,36864.0,36864.0,75777.0,75777.0,75777.0,75777.0,75777.0
115205.0,75777.0,104449.0,104449.0,104449.0,104449.0,59393.0,59393.0,59393.0,8195.0,8195.0
104454.0,8195.0,8195.0,8195.0,8195.0,8195.0,8195.0,8195.0,8195.0,96259.0,96259.0
94215.0,104451.0,104451.0,104451.0,104451.0,104451.0,114692.0,96259.0,96259.0,92165.0,92165.0
104455.0,92165.0,92165.0,92165.0,92165.0,92165.0,92165.0,92165.0,92165.0,30726.0,30726.0
96265.0,104454.0,104454.0,104454.0,114693.0,30726.0,30726.0,30726.0,30726.0,114693.0,114693.0
88580.0,94215.0,94215.0,94215.0,94215.0,94215.0,114693.0,114693.0,114693.0,114692.0,114692.0
114185.0,96263.0,96263.0,96263.0,96263.0,96263.0,106503.0,114692.0,114692.0,118793.0,118793.0
102926.0,104455.0,104455.0,118793.0,118793.0,118793.0,118793.0,118793.0,118793.0,106503.0,106503.0
47118.0,96265.0,96265.0,104455.0,104455.0,114693.0,96265.0,96265.0,96265.0,43016.0,43016.0
91151.0,104452.0,104452.0,96265.0,104454.0,104455.0,43016.0,106503.0,106503.0,51208.0,51208.0
35861.0,112643.0,112643.0,104452.0,96265.0,104454.0,51208.0,43016.0,43016.0,96278.0,96278.0
75299.0,47118.0,20493.0,106503.0,104452.0,96265.0,20493.0,20493.0,51208.0,116764.0,116764.0
118307.0,118828.0,47118.0,47118.0,47118.0,47118.0,108563.0,51208.0,96275.0,100391.0,100391.0
16938.0,106540.0,51208.0,20493.0,106503.0,106503.0,96275.0,108563.0,96278.0,43053.0,43053.0
106540.0,100405.0,96278.0,51208.0,20493.0,20493.0,96278.0,96275.0,116764.0,63534.0,63534.0
60461.0,38971.0,112678.0,108563.0,51208.0,43016.0,116764.0,96278.0,100391.0,114743.0,114743.0
110126.0,79938.0,118828.0,96275.0,108563.0,108563.0,112676.0,116764.0,118828.0,63547.0,63547.0
100450.0,118854.0,106540.0,96278.0,96275.0,96275.0,112678.0,100391.0,106540.0,108616.0,108616.0
39472.0,88137.0,43053.0,116764.0,96278.0,96278.0,100391.0,118828.0,63534.0,96333.0,96333.0
43570.0,79953.0,100405.0,112676.0,116764.0,116764.0,118828.0,106540.0,43053.0,51283.0,51283.0
79412.0,57426.0,55350.0,47142.0,112676.0,112676.0,106540.0,63534.0,100405.0,65620.0,65620.0
110132.0,94297.0,114743.0,112678.0,47142.0,47142.0,63534.0,43053.0,114743.0,92244.0,92244.0
100405.0,100443.0,38971.0,118828.0,112678.0,112678.0,43053.0,100405.0,63547.0,96351.0,96351.0
110134.0,96351.0,57404.0,106540.0,118828.0,100391.0,100405.0,55350.0,108616.0,116832.0,116832.0
76856.0,100447.0,79938.0,63534.0,106540.0,118828.0,104502.0,114743.0,96333.0,90211.0,90211.0
97847.0,108642.0,79953.0,43053.0,63534.0,106540.0,114743.0,63547.0,51283.0,45157.0,45157.0
38971.0,90211.0,57426.0,100405.0,43053.0,63534.0,55350.0,57404.0,65620.0,106597.0,106597.0
36413.0,100450.0,94297.0,104502.0,100405.0,43053.0,63547.0,108616.0,92244.0,88171.0,88171.0
79938.0,106597.0,100443.0,114743.0,104502.0,100405.0,57404.0,96333.0,96351.0,96365.0,96365.0
117315.0,77928.0,96351.0,55350.0,114743.0,104502.0,108616.0,51283.0,116832.0,53360.0,53360.0
96837.0,65647.0,116832.0,38971.0,55350.0,114743.0,96333.0,65620.0,90211.0,112758.0,112758.0
118854.0,96372.0,100447.0,63547.0,38971.0,55350.0,51282.0,92244.0,45157.0,20605.0,20605.0
88137.0,100470.0,108642.0,57404.0,63547.0,38971.0,51283.0,98393.0,106597.0,45182.0,45182.0
90703.0,96374.0,90211.0,79938.0,57404.0,63547.0,65620.0,96351.0,88171.0,63615.0,63615.0
79953.0,73848.0,100450.0,112711.0,112711.0,57404.0,92244.0,116832.0,96365.0,96390.0,96390.0
23634.0,75898.0,106597.0,79953.0,79953.0,112711.0,98393.0,108642.0,65647.0,30861.0,30861.0
112211.0,114823.0,77928.0,57426.0,51282.0,108616.0,96351.0,90211.0,53360.0,53389.0,53389.0
119383.0,94344.0,65647.0,51283.0,51283.0,96333.0,116832.0,45157.0,112758.0,45202.0,45202.0
115800.0,114830.0,73848.0,51282.0,92244.0,79953.0,108642.0,106597.0,20605.0,116882.0,116882.0
94297.0,71826.0,75898.0,92244.0,94297.0,51282.0,90211.0,88171.0,45182.0,100502.0,100502.0
118363.0,100508.0,114823.0,94297.0,96351.0,51283.0,45157.0,96365.0,63615.0,100505.0,100505.0
118364.0,100509.0,94344.0,100443.0,116832.0,65620.0,106597.0,65647.0,96390.0,90268.0,90268.0
100443.0,116894.0,114830.0,96351.0,108642.0,92244.0,88171.0,53360.0,30861.0,116894.0,116894.0
118268.0,100512.0,71826.0,116832.0,90211.0,98393.0,65647.0,112758.0,53389.0,114848.0,114848.0
20063.0,18596.0,98453.0,100447.0,100450.0,94297.0,53360.0,20605.0,45202.0,18596.0,18596.0
96351.0,110760.0,90268.0,108642.0,45157.0,96351.0,112758.0,45182.0,116882.0,69799.0,69799.0
100447.0,108715.0,100508.0,90211.0,106597.0,116832.0,20605.0,63615.0,100502.0,47272.0,47272.0
108642.0,34990.0,116894.0,100450.0,77928.0,108642.0,45182.0,96390.0,100505.0,110760.0,110760.0
90211.0,20656.0,100509.0,45157.0,88171.0,90211.0,63615.0,30861.0,90268.0,108715.0,108715.0
20066.0,102576.0,114848.0,106597.0,65647.0,100450.0,96390.0,53389.0,116894.0,34990.0,34990.0
97893.0,69811.0,100512.0,77928.0,75898.0,45157.0,30861.0,45202.0,114848.0,20656.0,20656.0
94821.0,96438.0,18596.0,88171.0,20605.0,106597.0,53389.0,116882.0,18596.0,34993.0,34993.0
106597.0,104636.0,110760.0,65647.0,45182.0,77928.0,45202.0,100502.0,69799.0,78002.0,78002.0
81512.0,106688.0,108715.0,73848.0,63615.0,88171.0,116882.0,100505.0,47272.0,90288.0,90288.0
77928.0,106691.0,34990.0,75898.0,96390.0,65647.0,100502.0,114843.0,110760.0,20657.0,20657.0
112228.0,26823.0,20656.0,20605.0,114823.0,53360.0,100505.0,71836.0,108715.0,104636.0,104636.0
78443.0,94412.0,34993.0,45182.0,94344.0,112758.0,114843.0,90268.0,34990.0,106688.0,106688.0
60525.0,119000.0,102576.0,63615.0,30861.0,75898.0,71836.0,116894.0,20656.0,102594.0,102594.0
117869.0,98524.0,69811.0,96390.0,71826.0,20605.0,90268.0,114848.0,34993.0,106691.0,106691.0
65647.0,96480.0,20657.0,114823.0,45202.0,45182.0,116894.0,18596.0,78002.0,112839.0,112839.0
103024.0,63716.0,96438.0,94344.0,98453.0,63615.0,114848.0,69799.0,90288.0,112840.0,112840.0
96372.0,82150.0,104636.0,30861.0,100502.0,96390.0,18596.0,47272.0,69811.0,118990.0,118990.0
113782.0,119032.0,106688.0,114830.0,114843.0,114823.0,69799.0,110760.0,20657.0,73938.0,73938.0
97399.0,110841.0,102594.0,71826.0,71836.0,94344.0,47272.0,37033.0,96438.0,26835.0,26835.0
73848.0,119036.0,106691.0,45202.0,90268.0,30861.0,110760.0,108715.0,104636.0,118997.0,118997.0
100470.0,110852.0,26823.0,98453.0,116894.0,53389.0,37033.0,34990.0,106688.0,116951.0,116951.0
75898.0,51467.0,112839.0,100502.0,71839.0,71826.0,108715.0,20656.0,102594.0,90328.0,90328.0
96374.0,43285.0,94412.0,114843.0,114848.0,45202.0,34990.0,34993.0,106691.0,119000.0,119000.0
118396.0,117016.0,118990.0,71836.0,100508.0,116882.0,20656.0,78002.0,26823.0,119001.0,119001.0
64636.0,41247.0,45268.0,90268.0,100509.0,98453.0,34993.0,90288.0,112840.0,114906.0,114906.0
109693.0,71968.0,118997.0,116894.0,100512.0,100502.0,78002.0,69811.0,78024.0,98524.0,98524.0
109694.0,76066.0,119000.0,71839.0,18596.0,100505.0,90288.0,20657.0,100554.0,106717.0,106717.0
118400.0,114981.0,119001.0,114848.0,69799.0,114843.0,69811.0,96438.0,94411.0,96480.0,96480.0
64640.0,98603.0,98524.0,100508.0,47272.0,71836.0,20657.0,104636.0,112839.0,55524.0,55524.0
111749.0,117039.0,96480.0,100509.0,110760.0,90268.0,96438.0,106688.0,118990.0,82150.0,82150.0
98950.0,110896.0,100579.0,100512.0,37033.0,116894.0,104636.0,115642.0,73938.0,78055.0,78055.0
114823.0,117048.0,100580.0,18596.0,108715.0,71839.0,106688.0,102594.0,26835.0,92394.0,92394.0
49799.0,51517.0,55524.0,69799.0,34990.0,114848.0,115642.0,106691.0,118997.0,92395.0,92395.0
56969.0,90433.0,82150.0,47272.0,20656.0,100508.0,102594.0,2243.0,116951.0,112882.0,112882.0
61066.0,117074.0,63716.0,110760.0,34993.0,100509.0,106691.0,100550.0,90328.0,100597.0,100597.0
118414.0,115028.0,112882.0,37033.0,78002.0,100512.0,2243.0,26823.0,119000.0,119032.0,119032.0
114830.0,119125.0,119032.0,108715.0,90288.0,18596.0,100550.0,112840.0,119001.0,63737.0,63737.0
113808.0,115036.0,110841.0,34990.0,69811.0,69799.0,26823.0,78024.0,114906.0,114938.0,114938.0
71826.0,57696.0,119036.0,20656.0,102576.0,47272.0,112840.0,100554.0,98524.0,63743.0,63743.0
117906.0,108896.0,110852.0,34993.0,96438.0,110760.0,78024.0,94411.0,106717.0,45313.0,45313.0
119448.0,90477.0,51467.0,78002.0,20657.0,37033.0,100554.0,112839.0,96480.0,45315.0,45315.0
100508.0,41329.0,112912.0,90288.0,104636.0,108715.0,94411.0,118990.0,100580.0,92424.0,92424.0
119453.0,119154.0,53521.0,69811.0,106688.0,34990.0,112839.0,73938.0,55524.0,65802.0,65802.0
116894.0,119156.0,43285.0,102576.0,102594.0,20656.0,118990.0,26835.0,82150.0,53517.0,53517.0
100509.0,106875.0,117016.0,96438.0,106691.0,34993.0,73938.0,118997.0,78055.0,112912.0,112912.0
100512.0,119167.0,41247.0,20657.0,2243.0,78002.0,26835.0,116951.0,92394.0,53521.0,53521.0
117410.0,102789.0,71968.0,104636.0,100550.0,90288.0,118997.0,90328.0,92395.0,98585.0,98585.0
91811.0,104840.0,108833.0,106688.0,26823.0,69811.0,116951.0,119000.0,112882.0,84251.0,84251.0
94884.0,96653.0,76066.0,102594.0,112840.0,20657.0,90328.0,119001.0,100597.0,108829.0,108829.0
102576.0,104851.0,114981.0,106691.0,78024.0,96438.0,119000.0,114906.0,119032.0,108833.0,108833.0
104636.0,113049.0,98603.0,2243.0,112839.0,104636.0,119001.0,98524.0,63737.0,82210.0,82210.0
33472.0,113051.0,117039.0,100550.0,94411.0,106688.0,114906.0,106717.0,114938.0,76066.0,76066.0
106688.0,78237.0,110896.0,26823.0,94412.0,115642.0,98524.0,96480.0,119036.0,114981.0,114981.0
106691.0,113062.0,110902.0,112840.0,118990.0,102594.0,106717.0,100580.0,63743.0,90407.0,90407.0
76999.0,96697.0,117048.0,78024.0,73938.0,106691.0,96480.0,55524.0,45313.0,117032.0,117032.0
94412.0,78265.0,90433.0,112839.0,45268.0,2243.0,100579.0,82150.0,45315.0,112938.0,112938.0
100044.0,117177.0,75777.0,94411.0,118997.0,100550.0,100580.0,63716.0,92424.0,98603.0,98603.0
100045.0,76220.0,102728.0,94412.0,119000.0,26823.0,55524.0,78055.0,65802.0,117039.0,117039.0
87760.0,117180.0,117074.0,118990.0,119001.0,112840.0,82150.0,92394.0,53517.0,110896.0,110896.0
100057.0,117182.0,115028.0,73938.0,98524.0,78024.0,63716.0,92395.0,112912.0,90419.0,90419.0
60122.0,117183.0,119125.0,45268.0,106717.0,100554.0,78055.0,112882.0,53521.0,119094.0,119094.0
98524.0,115136.0,100698.0,118997.0,96480.0,94411.0,92394.0,100597.0,117016.0,117048.0,117048.0
119518.0,53701.0,115036.0,119000.0,100579.0,94412.0,92395.0,119032.0,98585.0,84288.0,84288.0
42207.0,106955.0,57696.0,119001.0,100580.0,112839.0,112882.0,63737.0,84251.0,90433.0,102726.0
118496.0,100812.0,108896.0,98524.0,55524.0,118990.0,100597.0,114938.0,108829.0,102726.0,102728.0
58081.0,117203.0,61793.0,106717.0,82150.0,73938.0,119032.0,119036.0,108833.0,102728.0,106827.0
118498.0,49621.0,98667.0,96480.0,63716.0,26835.0,63737.0,63743.0,82210.0,106827.0,94542.0
98019.0,113114.0,90477.0,100579.0,78055.0,45268.0,114938.0,45313.0,76066.0,94542.0,80207.0
63716.0,109019.0,39278.0,100580.0,92394.0,118997.0,119036.0,45315.0,114981.0,80207.0,117074.0
95966.0,109020.0,98671.0,55524.0,92395.0,116951.0,63743.0,92424.0,90407.0,117074.0,78166.0
82150.0,109023.0,41329.0,82150.0,112882.0,90328.0,45313.0,65802.0,117032.0,78166.0,106838.0
105704.0,104928.0,119154.0,63716.0,100597.0,119000.0,45315.0,53517.0,112938.0,106838.0,115036.0
115433.0,119282.0,119156.0,78055.0,119032.0,119001.0,92424.0,112912.0,98603.0,100698.0,106847.0
112362.0,106997.0,106875.0,92394.0,63737.0,114906.0,65802.0,53521.0,117039.0,115036.0,61793.0
119531.0,107004.0,119167.0,92395.0,114938.0,98524.0,53517.0,117016.0,110896.0,106847.0,106850.0
62696.0,107009.0,106884.0,112882.0,110841.0,106717.0,112912.0,98585.0,90419.0,61793.0,119138.0
103663.0,88580.0,102789.0,100597.0,119036.0,96480.0,53521.0,84251.0,119094.0,106850.0,119144.0
119032.0,115205.0,104840.0,119032.0,63743.0,100579.0,117016.0,108829.0,117048.0,119138.0,119146.0
110841.0,102926.0,96653.0,110841.0,110852.0,100580.0,98585.0,108833.0,84288.0,119144.0,90477.0
23802.0,16938.0,18831.0,114938.0,92424.0,55524.0,84251.0,82210.0,90433.0,119146.0,39278.0
75004.0,39472.0,104851.0,119036.0,65802.0,82150.0,108833.0,76066.0,102726.0,90477.0,106863.0
119036.0,43570.0,102808.0,110852.0,51467.0,63716.0,82210.0,114981.0,102728.0,39278.0,119151.0
118016.0,90679.0,113049.0,92424.0,112912.0,78055.0,76066.0,90407.0,106827.0,106863.0,119154.0
50945.0,102968.0,113051.0,65802.0,53521.0,92394.0,114981.0,117032.0,94542.0,119151.0,92531.0
110852.0,107067.0,80285.0,51467.0,117016.0,92395.0,90407.0,112938.0,80207.0,119154.0,119156.0
62213.0,117315.0,78237.0,112912.0,98585.0,112882.0,117032.0,98603.0,117074.0,92531.0,92534.0
105221.0,111172.0,113062.0,53521.0,84251.0,100597.0,112938.0,117039.0,78166.0,119156.0,92535.0
115463.0,96837.0,74151.0,43285.0,41247.0,119032.0,98603.0,110896.0,106838.0,92534.0,88440.0
55048.0,35398.0,74153.0,117016.0,71968.0,63737.0,117039.0,90419.0,100694.0,92535.0,119167.0
51467.0,72264.0,74154.0,98585.0,108833.0,114938.0,110896.0,119094.0,100698.0,88440.0,119171.0
103694.0,117322.0,74155.0,84251.0,82210.0,110841.0,90419.0,110902.0,115036.0,119167.0,106884.0
113428.0,90703.0,74156.0,41247.0,76066.0,119036.0,119094.0,117048.0,106847.0,119171.0,102789.0
43285.0,78417.0,115122.0,71968.0,114981.0,63743.0,110902.0,84288.0,108896.0,106884.0,104840.0
113430.0,119383.0,117177.0,108833.0,90407.0,45313.0,117048.0,43329.0,61793.0,102789.0,18831.0
63255.0,94821.0,96697.0,82210.0,117032.0,45315.0,84288.0,90433.0,106850.0,104840.0,104851.0
117016.0,78443.0,78265.0,76066.0,112938.0,110852.0,43329.0,102726.0,119138.0,18831.0,92564.0
41751.0,103024.0,76220.0,114981.0,98603.0,92424.0,90433.0,102728.0,119144.0,104851.0,113045.0
107291.0,107126.0,117180.0,90407.0,117039.0,65802.0,102726.0,106827.0,119146.0,92564.0,92565.0
100124.0,107127.0,117183.0,117032.0,110896.0,51467.0,102728.0,94542.0,100716.0,113045.0,113049.0
81180.0,107130.0,63936.0,112938.0,90419.0,53517.0,106827.0,80207.0,90477.0,92565.0,84378.0
111902.0,98939.0,100805.0,98603.0,119094.0,112912.0,94542.0,117074.0,39278.0,113049.0,113051.0
41247.0,98950.0,53701.0,117039.0,110902.0,53521.0,80207.0,119125.0,106863.0,84378.0,80285.0
118047.0,49799.0,100812.0,110896.0,117048.0,117016.0,117074.0,78166.0,119151.0,113051.0,78237.0
36641.0,119448.0,117203.0,90419.0,43329.0,98585.0,119125.0,106838.0,41329.0,80285.0,86431.0
116510.0,119453.0,82388.0,119094.0,90433.0,84251.0,78166.0,100694.0,119154.0,78237.0,113056.0
76066.0,117410.0,49621.0,110902.0,102726.0,41247.0,106838.0,100698.0,92531.0,86431.0,96674.0
71968.0,94884.0,109019.0,117048.0,75777.0,71968.0,100694.0,115036.0,119156.0,113056.0,100771.0
116517.0,84653.0,109020.0,90433.0,102728.0,108833.0,86357.0,106847.0,92534.0,96674.0,113062.0
114981.0,33472.0,109023.0,102726.0,106827.0,82210.0,100698.0,57696.0,92535.0,100771.0,74151.0
70433.0,29386.0,86496.0,75777.0,94542.0,76066.0,115036.0,108896.0,88440.0,113062.0,111015.0
98603.0,60122.0,104928.0,102728.0,117074.0,114981.0,106847.0,106850.0,119167.0,74151.0,74153.0
110896.0,43741.0,119270.0,106827.0,115028.0,90407.0,57696.0,61793.0,119171.0,111015.0,74154.0
92982.0,119518.0,109034.0,94542.0,119125.0,117032.0,108896.0,119138.0,106884.0,74153.0,74155.0
108344.0,58081.0,119282.0,117074.0,78166.0,112938.0,106850.0,119144.0,102789.0,74154.0,74156.0
51517.0,96999.0,106997.0,115028.0,100694.0,98603.0,61793.0,119146.0,104840.0,74155.0,117162.0
119621.0,115433.0,111098.0,119125.0,86357.0,117039.0,119138.0,100716.0,18831.0,74156.0,117164.0
81735.0,119531.0,107004.0,86357.0,100698.0,110896.0,119144.0,90477.0,104851.0,117164.0,117161.0
116553.0,113396.0,107009.0,100698.0,115036.0,90419.0,119146.0,39278.0,92564.0,115121.0,115121.0
116562.0,62213.0,88580.0,115036.0,106847.0,119094.0,100716.0,106863.0,113045.0,115122.0,115122.0
104274.0,105221.0,115205.0,106847.0,57696.0,110902.0,90477.0,119151.0,92565.0,70066.0,70066.0
117593.0,111367.0,102926.0,57696.0,108896.0,117048.0,39278.0,41329.0,113049.0,94644.0,94644.0
115036.0,115463.0,82453.0,108896.0,106850.0,84288.0,119151.0,119154.0,84378.0,78262.0,78262.0
69472.0,113428.0,55843.0,106850.0,61793.0,43329.0,41329.0,92531.0,113051.0,96697.0,96697.0
107872.0,113430.0,49706.0,61793.0,119138.0,90433.0,119154.0,119156.0,80285.0,117177.0,117177.0
108896.0,41751.0,16938.0,119138.0,119144.0,102726.0,92531.0,92534.0,78237.0,51643.0,51643.0
31594.0,107291.0,78383.0,119144.0,119146.0,75777.0,119156.0,92535.0,86431.0,76220.0,76220.0
78698.0,105244.0,39472.0,119146.0,98667.0,102728.0,92534.0,88440.0,113056.0,117180.0,117180.0
105834.0,56091.0,43570.0,98667.0,100716.0,106827.0,92535.0,119167.0,96674.0,51646.0,51646.0
58733.0,70433.0,90679.0,100716.0,90477.0,94542.0,88440.0,119171.0,100771.0,51647.0,51647.0
41329.0,107316.0,102968.0,90477.0,39278.0,80207.0,119167.0,106884.0,113062.0,63936.0,63936.0
108403.0,92982.0,115259.0,39278.0,119151.0,117074.0,119171.0,102789.0,74151.0,100803.0,100803.0
93046.0,119621.0,107067.0,119151.0,98671.0,115028.0,106884.0,104840.0,111015.0,100805.0,100805.0
111480.0,117593.0,117315.0,98671.0,41329.0,119125.0,102789.0,96653.0,74153.0,53701.0,53701.0
75640.0,31594.0,111172.0,41329.0,119154.0,78166.0,104840.0,18831.0,74154.0,104901.0,104901.0
99706.0,78698.0,96837.0,119154.0,119156.0,106838.0,96653.0,104851.0,74155.0,106952.0,106952.0
106875.0,107375.0,35398.0,119156.0,92534.0,100694.0,18831.0,92564.0,74156.0,100812.0,100812.0
107896.0,93046.0,72264.0,92534.0,92535.0,86357.0,104851.0,113045.0,117164.0,117197.0,117197.0
106368.0,111480.0,102986.0,92535.0,106875.0,100698.0,92564.0,92565.0,53679.0,63950.0,63950.0
84866.0,99194.0,117322.0,106875.0,119167.0,115036.0,113045.0,113049.0,115121.0,117202.0,117202.0
102789.0,60288.0,78417.0,119167.0,119171.0,106847.0,92565.0,84378.0,115122.0,117203.0,117203.0
107401.0,84866.0,119383.0,119171.0,106884.0,57696.0,102808.0,113051.0,70066.0,117204.0,117204.0
96653.0,107401.0,94821.0,106884.0,102789.0,108896.0,113049.0,80285.0,94644.0,49621.0,49621.0
111502.0,111502.0,119403.0,102789.0,104840.0,106850.0,84378.0,78237.0,78262.0,111062.0,111062.0
111503.0,111503.0,78443.0,104840.0,96653.0,61793.0,113051.0,86431.0,96697.0,86496.0,86496.0
78735.0,78735.0,103024.0,96653.0,18831.0,119138.0,80285.0,113056.0,117177.0,104928.0,104928.0
96149.0,107416.0,94832.0,18831.0,104851.0,119144.0,78237.0,96674.0,51643.0,57830.0,57830.0
107416.0,117659.0,107126.0,104851.0,92564.0,119146.0,86431.0,100771.0,76220.0,47596.0,47596.0
117659.0,72604.0,107127.0,92564.0,113045.0,98667.0,113056.0,113062.0,117180.0,82413.0,82413.0
72604.0,117672.0,107130.0,113045.0,92565.0,100716.0,96674.0,74151.0,51646.0,106997.0,111098.0
78237.0,97194.0,98939.0,92565.0,102808.0,90477.0,100771.0,111015.0,51647.0,111098.0,107004.0
117672.0,113583.0,53890.0,102808.0,113049.0,39278.0,113062.0,74153.0,63936.0,107004.0,78335.0
97194.0,101300.0,98950.0,113049.0,84378.0,119151.0,74151.0,74154.0,100803.0,78335.0,107009.0
101300.0,111549.0,49799.0,84378.0,113051.0,98671.0,111015.0,74155.0,100805.0,107009.0,88580.0
75701.0,86984.0,119453.0,113051.0,80285.0,41329.0,74153.0,74156.0,53701.0,88580.0,109068.0
99765.0,119754.0,47776.0,80285.0,78237.0,119154.0,74154.0,117164.0,104901.0,109068.0,29199.0
78265.0,119755.0,117410.0,78237.0,86431.0,92531.0,74155.0,53679.0,106952.0,29199.0,102927.0
118713.0,74705.0,94884.0,86431.0,113056.0,119156.0,74156.0,115121.0,84427.0,102927.0,80401.0
110013.0,78801.0,84653.0,113056.0,113062.0,92534.0,117164.0,115122.0,100812.0,80401.0,82453.0
111549.0,115666.0,37553.0,113062.0,74151.0,92535.0,53679.0,70066.0,117197.0,82453.0,100891.0
117182.0,66521.0,33472.0,74151.0,111015.0,88440.0,115121.0,94644.0,63950.0,100891.0,88616.0
116670.0,72667.0,29386.0,111015.0,74153.0,106875.0,115122.0,78262.0,117202.0,88616.0,55854.0
115136.0,105444.0,84688.0,74153.0,74154.0,119167.0,70066.0,96697.0,117203.0,55854.0,78383.0
114115.0,21479.0,60122.0,74154.0,74155.0,119171.0,94644.0,117177.0,117204.0,78383.0,39472.0
53701.0,105457.0,115420.0,74155.0,74156.0,106884.0,96697.0,51643.0,49621.0,39472.0,57905.0
114631.0,105460.0,43741.0,74156.0,53679.0,102789.0,117177.0,76220.0,111062.0,57905.0,43570.0
85448.0,80886.0,119518.0,53679.0,115121.0,104840.0,51643.0,117180.0,86496.0,43570.0,57908.0
119754.0,117756.0,96999.0,115121.0,115122.0,96653.0,76220.0,51646.0,104928.0,57908.0,117301.0
119755.0,115709.0,119531.0,115122.0,70066.0,18831.0,117180.0,51647.0,57830.0,117301.0,90679.0
100812.0,29701.0,113396.0,70066.0,96697.0,104851.0,51646.0,63936.0,47596.0,90679.0,102968.0
12236.0,91151.0,62213.0,96697.0,117177.0,92564.0,51647.0,100803.0,82413.0,102968.0,96825.0
96202.0,115731.0,105221.0,117177.0,51643.0,113045.0,63936.0,100805.0,106997.0,96825.0,115259.0
106955.0,35861.0,111367.0,51643.0,76220.0,92565.0,100803.0,53701.0,111098.0,115259.0,107067.0
117203.0,87062.0,115463.0,76220.0,117180.0,102808.0,100805.0,104901.0,107004.0,107067.0,35398.0
49621.0,115736.0,43787.0,117180.0,51646.0,113049.0,53701.0,106952.0,78335.0,35398.0,92746.0
93656.0,113700.0,113428.0,51646.0,117183.0,84378.0,104901.0,113098.0,107009.0,92746.0,102986.0
113114.0,60461.0,113430.0,117183.0,63936.0,113051.0,106952.0,84427.0,88580.0,102986.0,57932.0
109020.0,111663.0,41751.0,63936.0,100805.0,80285.0,113098.0,100812.0,109068.0,57932.0,107086.0
109023.0,76856.0,6936.0,100805.0,53701.0,78237.0,84427.0,117197.0,29199.0,107086.0,102990.0
104928.0,62521.0,107291.0,53701.0,106952.0,86431.0,100812.0,63950.0,102927.0,102990.0,90702.0
108516.0,105547.0,105244.0,106952.0,113098.0,113056.0,117197.0,117202.0,80401.0,90702.0,119377.0
105444.0,54353.0,56091.0,113098.0,84427.0,96674.0,63950.0,117203.0,82453.0,119377.0,117326.0
21479.0,23634.0,117535.0,84427.0,100812.0,100771.0,111052.0,117204.0,100891.0,117326.0,55890.0
89579.0,115800.0,70433.0,100812.0,117197.0,113062.0,117202.0,82388.0,88616.0,55890.0,119383.0
105457.0,109661.0,54058.0,111052.0,63950.0,74151.0,117203.0,111062.0,55854.0,119383.0,107115.0
105460.0,117856.0,109361.0,63950.0,111052.0,111015.0,117204.0,49621.0,78383.0,107115.0,119403.0
118261.0,117867.0,107316.0,117203.0,117203.0,74153.0,82388.0,109023.0,39472.0,119403.0,103024.0
80886.0,60525.0,92982.0,117204.0,117204.0,74154.0,82387.0,86496.0,57905.0,103024.0,94832.0
73209.0,117869.0,119621.0,82388.0,82388.0,74155.0,111062.0,104928.0,57906.0,94832.0,113267.0
117756.0,44144.0,119623.0,82387.0,82387.0,74156.0,49621.0,57830.0,43570.0,113267.0,107126.0
,93300.0,54087.0,49621.0,49621.0,117164.0,109023.0,109034.0,57908.0,107126.0,107127.0
,113782.0,111438.0,109019.0,109019.0,53679.0,86496.0,47596.0,117301.0,107127.0,107130.0
,97399.0,117593.0,109023.0,109023.0,115121.0,104928.0,82413.0,90679.0,107130.0,33406.0
,64636.0,78698.0,86496.0,86496.0,115122.0,57830.0,106997.0,102968.0,33406.0,109184.0
,109693.0,107375.0,104928.0,104928.0,70066.0,109034.0,111098.0,96825.0,109184.0,103042.0
,109694.0,93046.0,119270.0,57830.0,94644.0,47596.0,107004.0,115259.0,103042.0,113282.0
,64640.0,111480.0,57830.0,109034.0,96697.0,82413.0,78335.0,107067.0,113282.0,98950.0
,105604.0,99194.0,109034.0,47596.0,117177.0,106997.0,107009.0,35398.0,98950.0,84620.0
,111749.0,60288.0,47596.0,82413.0,51643.0,111098.0,88580.0,92746.0,57991.0,115349.0
,113808.0,84866.0,82413.0,119282.0,76220.0,107004.0,109068.0,102986.0,84620.0,51862.0
,19600.0,107401.0,119282.0,106997.0,117180.0,111101.0,29199.0,57932.0,115349.0,55960.0
,117906.0,111502.0,106997.0,111098.0,51646.0,78335.0,102927.0,107086.0,51862.0,109210.0
,113815.0,111503.0,111098.0,107004.0,51647.0,107009.0,80401.0,102990.0,55960.0,82590.0
,97432.0,78735.0,107004.0,78335.0,63936.0,88580.0,82453.0,90702.0,109210.0,47776.0
,97433.0,76689.0,78335.0,107009.0,117183.0,109068.0,100891.0,119377.0,119453.0,103073.0
,97471.0,107416.0,107009.0,88580.0,100803.0,29199.0,88616.0,117326.0,82590.0,94884.0
,60611.0,91034.0,88580.0,115205.0,100805.0,102927.0,55854.0,55890.0,47776.0,117412.0
,83141.0,117659.0,115205.0,102926.0,53701.0,80401.0,78383.0,80469.0,103073.0,80549.0
,76999.0,86947.0,102926.0,29199.0,104901.0,82453.0,39472.0,119383.0,94884.0,84653.0
,77017.0,45990.0,29199.0,80401.0,106952.0,100891.0,57905.0,107115.0,117412.0,115374.0
,42207.0,117672.0,80401.0,82453.0,113098.0,88616.0,57906.0,119403.0,80549.0,37553.0
,105704.0,97194.0,82453.0,100891.0,84427.0,55854.0,43570.0,103024.0,84653.0,113331.0
,62696.0,107437.0,100891.0,55843.0,100812.0,78383.0,57908.0,94832.0,115374.0,86711.0
,103663.0,93102.0,55843.0,49706.0,117197.0,39472.0,90679.0,113267.0,37553.0,60090.0
,113904.0,113583.0,49706.0,16938.0,63950.0,57905.0,102968.0,66166.0,113331.0,117443.0
,115960.0,101300.0,16938.0,55854.0,111052.0,57906.0,96825.0,107126.0,86711.0,29383.0
,23802.0,105405.0,55854.0,78383.0,117202.0,43570.0,115259.0,107127.0,60090.0,109257.0
,75004.0,111550.0,78383.0,39472.0,117203.0,57908.0,107067.0,107130.0,117443.0,29386.0
,118016.0,111549.0,39472.0,57905.0,117204.0,90679.0,96837.0,33406.0,29383.0,27342.0
,101639.0,109506.0,57905.0,57906.0,82388.0,102968.0,35398.0,109184.0,109257.0,113361.0
,103694.0,86984.0,57906.0,43570.0,82387.0,96825.0,72264.0,103042.0,29386.0,113369.0
,107791.0,119754.0,43570.0,57908.0,111062.0,115259.0,92746.0,113282.0,27342.0,115420.0
,101648.0,119755.0,57908.0,90679.0,49621.0,107067.0,102986.0,98950.0,113361.0,43741.0
,79130.0,74705.0,90679.0,102968.0,109019.0,96837.0,57932.0,57991.0,113369.0,119516.0
,81180.0,78801.0,102968.0,96825.0,109023.0,35398.0,96845.0,84620.0,115420.0,107232.0
,111902.0,115666.0,96825.0,115259.0,86496.0,72264.0,107086.0,115349.0,43741.0,115431.0
,118047.0,66521.0,115259.0,107067.0,104928.0,92746.0,102990.0,51862.0,119516.0,119531.0
,75059.0,72667.0,107067.0,96837.0,57830.0,102986.0,90702.0,55960.0,107232.0,113396.0
,118085.0,84963.0,117315.0,35398.0,109034.0,96845.0,78417.0,109210.0,115431.0,101114.0
,109913.0,21479.0,111172.0,72264.0,47596.0,107086.0,119377.0,119453.0,119531.0,99067.0
,107872.0,107497.0,96837.0,92746.0,82413.0,102990.0,117326.0,82590.0,113396.0,80639.0
,36202.0,115694.0,35398.0,102986.0,119282.0,90702.0,55890.0,47776.0,101114.0,60163.0
,105834.0,105457.0,72264.0,117322.0,106997.0,78417.0,80469.0,103073.0,99067.0,111367.0
,15724.0,58355.0,92746.0,96845.0,111098.0,119377.0,119383.0,94884.0,80639.0,103182.0
,58733.0,105460.0,102986.0,107086.0,107004.0,55890.0,107115.0,117412.0,60163.0,115472.0
,107896.0,80886.0,117322.0,90702.0,111101.0,80469.0,119403.0,80549.0,111367.0,113425.0
,99706.0,117751.0,96845.0,78417.0,78335.0,119383.0,78443.0,84653.0,103182.0,113428.0
,118143.0,117756.0,107086.0,55890.0,107009.0,25175.0,103024.0,115374.0,115472.0,99094.0
,38278.0,115709.0,90702.0,80469.0,88580.0,107115.0,94832.0,37553.0,113425.0,103191.0
,118191.0,29701.0,78417.0,119383.0,115205.0,119403.0,113267.0,113331.0,113428.0,6936.0
,99765.0,74761.0,55890.0,25175.0,109068.0,78443.0,66166.0,86711.0,99094.0,117528.0
,79292.0,74766.0,80469.0,94821.0,29199.0,103024.0,107126.0,60090.0,103191.0,103194.0
,110013.0,91151.0,119383.0,107115.0,102927.0,94832.0,107127.0,117443.0,6936.0,56091.0
,114115.0,115731.0,25175.0,119403.0,80401.0,113267.0,107130.0,29383.0,117528.0,103190.0
,112641.0,35861.0,94821.0,51821.0,82453.0,66166.0,33406.0,117448.0,103194.0,41751.0
,85448.0,87062.0,107115.0,78443.0,100891.0,107126.0,109184.0,109257.0,56091.0,37672.0
,26061.0,115736.0,119403.0,103024.0,55843.0,107127.0,103042.0,29386.0,103190.0,54058.0
,107987.0,105496.0,51821.0,94832.0,88616.0,107130.0,113282.0,27342.0,41751.0,109361.0
,107989.0,105502.0,78443.0,113267.0,16938.0,33406.0,98950.0,113361.0,37672.0,107316.0
,107991.0,42019.0,103024.0,66166.0,55854.0,103042.0,57991.0,113369.0,54058.0,92982.0
,93656.0,113700.0,94832.0,107126.0,78383.0,113282.0,115349.0,115420.0,109361.0,105275.0
,34279.0,117798.0,113267.0,107127.0,39472.0,53890.0,51862.0,43741.0,107316.0,107329.0
,89579.0,117799.0,66166.0,107130.0,57905.0,98950.0,55960.0,119516.0,92982.0,119623.0
,93676.0,103469.0,107126.0,33406.0,57906.0,57991.0,109210.0,107232.0,105275.0,119624.0
,114157.0,113710.0,107127.0,113282.0,43570.0,117393.0,119453.0,115431.0,107329.0,109387.0
,118258.0,111663.0,107130.0,53890.0,57908.0,115349.0,82590.0,119531.0,119623.0,97100.0
,118261.0,113712.0,98939.0,98950.0,90679.0,51862.0,47776.0,113396.0,119624.0,111438.0
,73209.0,111669.0,33406.0,57991.0,102968.0,55960.0,103073.0,101114.0,109387.0,111443.0
,118268.0,76856.0,113282.0,117393.0,96825.0,109210.0,94884.0,99067.0,97100.0,111445.0
,79369.0,62521.0,53890.0,51862.0,115259.0,119453.0,117412.0,80639.0,111438.0,111447.0
,114185.0,48194.0,98950.0,55960.0,107067.0,82590.0,80549.0,60163.0,111443.0,111448.0
,75299.0,105547.0,57991.0,109210.0,96837.0,47776.0,84653.0,111367.0,111445.0,86872.0
,118307.0,103499.0,49799.0,119453.0,35398.0,103073.0,115374.0,103182.0,111447.0,97114.0
,114212.0,103504.0,117393.0,47776.0,72264.0,94884.0,37553.0,115472.0,111448.0,64352.0
,56878.0,54353.0,55960.0,117410.0,92746.0,117412.0,113331.0,113425.0,86872.0,99173.0
,110126.0,23634.0,119453.0,94884.0,102986.0,80549.0,86711.0,113428.0,97114.0,111469.0
,91699.0,103507.0,47776.0,117412.0,117322.0,84653.0,60090.0,113430.0,64352.0,113523.0
,79412.0,115800.0,117410.0,80549.0,96845.0,37553.0,117443.0,103191.0,99173.0,93046.0
,110132.0,109661.0,94884.0,84653.0,107086.0,113331.0,29383.0,6936.0,111469.0,93048.0
,110134.0,117856.0,80549.0,37553.0,102990.0,86711.0,117448.0,117528.0,113523.0,99194.0
,97847.0,117867.0,84653.0,86711.0,90702.0,117443.0,109257.0,103194.0,93046.0,99198.0
,36413.0,107628.0,37553.0,117443.0,78417.0,29383.0,29386.0,56091.0,93048.0,60288.0
,108103.0,117869.0,117443.0,29383.0,119377.0,117448.0,27342.0,99094.0,99194.0,84865.0
,112211.0,44144.0,29383.0,117448.0,55890.0,109257.0,113361.0,103190.0,99198.0,84866.0
,63061.0,107632.0,117448.0,109257.0,80469.0,29386.0,113369.0,41751.0,60288.0,107401.0
,118363.0,93300.0,109257.0,29386.0,119383.0,27342.0,115420.0,70433.0,84865.0,91021.0
,118364.0,113782.0,29386.0,27342.0,25175.0,113361.0,43741.0,119591.0,84866.0,76689.0
,20063.0,64636.0,27342.0,84688.0,94821.0,113369.0,107232.0,37672.0,107401.0,60310.0
,20066.0,109693.0,84688.0,113361.0,107115.0,115420.0,115431.0,54058.0,91021.0,107416.0
,112228.0,109694.0,113363.0,113363.0,119403.0,43741.0,119531.0,109361.0,76689.0,60312.0
,97893.0,64640.0,60122.0,60122.0,78443.0,107232.0,119532.0,107316.0,60310.0,117659.0
,81512.0,105604.0,115420.0,115420.0,103024.0,115431.0,113396.0,92982.0,107416.0,86947.0
,63096.0,111749.0,43741.0,43741.0,94832.0,119531.0,101114.0,105275.0,60312.0,45990.0
,118396.0,91274.0,119518.0,119518.0,113267.0,119532.0,99067.0,107329.0,117659.0,113583.0
,118400.0,1162.0,96999.0,96999.0,66166.0,113396.0,80639.0,119623.0,86947.0,27569.0
,99972.0,113808.0,119531.0,119531.0,107126.0,101114.0,60163.0,119624.0,45990.0,109492.0
,56969.0,19600.0,113396.0,113396.0,107127.0,99067.0,62213.0,109387.0,113583.0,109493.0
,61066.0,117906.0,99067.0,99067.0,107130.0,80639.0,111367.0,97100.0,27569.0,109494.0
,114316.0,113815.0,60163.0,80639.0,33406.0,107267.0,103182.0,111438.0,109493.0,117686.0
,118414.0,97432.0,62213.0,60163.0,103042.0,60163.0,115472.0,111443.0,109494.0,84921.0
,97934.0,97433.0,105221.0,62213.0,113282.0,62213.0,113425.0,111445.0,117686.0,115642.0
,42651.0,105628.0,111367.0,105221.0,53890.0,111367.0,113428.0,111447.0,84921.0,107449.0
,91811.0,83114.0,115463.0,111367.0,98950.0,43787.0,113430.0,111448.0,103354.0,105405.0
,83631.0,99499.0,43787.0,115463.0,57991.0,103182.0,103191.0,117593.0,103355.0,115645.0
,100044.0,99500.0,103182.0,43787.0,117393.0,115472.0,6936.0,97114.0,103356.0,115647.0
,100045.0,95407.0,115472.0,103182.0,115349.0,113425.0,99094.0,86872.0,105405.0,80829.0
,87760.0,97471.0,113425.0,115472.0,51862.0,113428.0,103194.0,64352.0,115645.0,56257.0
,100057.0,60611.0,113428.0,113425.0,55960.0,113430.0,56091.0,99173.0,115647.0,13249.0
,1755.0,83141.0,113430.0,113428.0,109210.0,103191.0,103190.0,111469.0,115642.0,13250.0
,95966.0,76999.0,103191.0,113430.0,119453.0,6936.0,41751.0,113523.0,56257.0,109506.0
,118496.0,113871.0,6936.0,103191.0,82590.0,99094.0,117535.0,93046.0,13249.0,117701.0
,118498.0,113872.0,99094.0,6936.0,47776.0,103194.0,70433.0,93048.0,13250.0,74693.0
,98019.0,109780.0,103194.0,99094.0,103073.0,56091.0,119591.0,99194.0,80829.0,119754.0
,116457.0,93397.0,107291.0,103194.0,117410.0,103190.0,37672.0,99198.0,117701.0,117707.0
,112362.0,77017.0,105244.0,107291.0,94884.0,41751.0,54058.0,60288.0,109506.0,115666.0
,50945.0,42207.0,56091.0,56091.0,117412.0,117535.0,109361.0,84865.0,74693.0,84963.0
,110338.0,105704.0,103190.0,103190.0,80549.0,70433.0,107316.0,84866.0,119754.0,107497.0
,55048.0,103663.0,117535.0,41751.0,84653.0,119591.0,92982.0,107401.0,117707.0,111597.0
,96013.0,113904.0,41751.0,117535.0,37553.0,37672.0,105275.0,91021.0,115666.0,115694.0
,108305.0,115960.0,70433.0,70433.0,86711.0,54058.0,107329.0,76689.0,84963.0,105456.0
,63255.0,23802.0,119591.0,119591.0,117443.0,109361.0,119623.0,60310.0,107497.0,82930.0
,100124.0,75004.0,37672.0,37672.0,29383.0,107316.0,119624.0,107416.0,111597.0,105459.0
,116510.0,83198.0,54058.0,54058.0,117448.0,92982.0,54087.0,60312.0,115694.0,113652.0
,36641.0,118016.0,109361.0,109361.0,109257.0,107329.0,109387.0,117659.0,105456.0,117749.0
,81699.0,101639.0,107316.0,107316.0,29386.0,119623.0,97100.0,86947.0,82930.0,58355.0
,81701.0,99595.0,92982.0,92982.0,27342.0,119624.0,111438.0,45990.0,105459.0,113651.0
,116517.0,103694.0,119621.0,119621.0,84688.0,54087.0,111443.0,88999.0,113652.0,80889.0
,106294.0,107791.0,119623.0,119623.0,113361.0,109387.0,111445.0,113583.0,117749.0,95227.0
,108344.0,101648.0,119624.0,119624.0,113363.0,97100.0,111447.0,27569.0,58355.0,117756.0
,108345.0,79130.0,54087.0,54087.0,113369.0,111438.0,111448.0,109493.0,113651.0,109566.0
,53052.0,81180.0,109387.0,109387.0,60122.0,111445.0,117593.0,109494.0,80889.0,95230.0
,81735.0,111904.0,97100.0,97100.0,115420.0,86872.0,97114.0,117686.0,95227.0,115713.0
,116553.0,95522.0,111438.0,111438.0,43741.0,117593.0,86872.0,84921.0,117756.0,115714.0
,116562.0,52522.0,117593.0,117593.0,119518.0,97114.0,64352.0,103354.0,109566.0,29701.0
,104274.0,75059.0,45923.0,45923.0,107232.0,64352.0,99173.0,103355.0,95230.0,58377.0
,69472.0,60723.0,117605.0,117605.0,96999.0,99173.0,111469.0,103356.0,115713.0,109577.0
,116592.0,85301.0,99173.0,99173.0,115431.0,78698.0,107375.0,105405.0,115714.0,74761.0
,114547.0,118085.0,78698.0,78698.0,119531.0,111469.0,109424.0,115645.0,29701.0,87052.0
,108403.0,109913.0,111469.0,111469.0,119532.0,107375.0,113523.0,115647.0,58377.0,109582.0
,81783.0,107872.0,107375.0,107375.0,113396.0,109424.0,93046.0,115642.0,109577.0,91151.0
,75640.0,87400.0,109424.0,109424.0,101114.0,113523.0,93048.0,56257.0,74761.0,115729.0
,28535.0,36202.0,113523.0,113523.0,99067.0,93046.0,99194.0,13249.0,87052.0,87062.0
,106368.0,15724.0,93046.0,93046.0,80639.0,93048.0,99198.0,13250.0,74766.0,115736.0
,49028.0,58733.0,93048.0,93048.0,107267.0,99194.0,60288.0,80829.0,91151.0,105496.0
,106376.0,107896.0,99194.0,99194.0,60163.0,99198.0,84865.0,117701.0,109582.0,37914.0
,112521.0,99706.0,99198.0,99198.0,62213.0,60288.0,84866.0,109506.0,115729.0,109597.0
,112525.0,99708.0,60288.0,60288.0,105221.0,84865.0,107401.0,74693.0,87062.0,105502.0
,53136.0,118143.0,84865.0,84865.0,111367.0,84866.0,91021.0,86984.0,115736.0,113696.0
,104338.0,110592.0,84866.0,84866.0,115463.0,107401.0,76689.0,119754.0,105496.0,42018.0
,96149.0,89476.0,107401.0,107401.0,43787.0,91021.0,60310.0,117707.0,37914.0,42019.0
,110492.0,38278.0,115594.0,115594.0,103182.0,76689.0,107416.0,115666.0,109597.0,113699.0
,96159.0,118166.0,78735.0,78735.0,115472.0,60310.0,60312.0,41945.0,105502.0,117799.0
,108447.0,103831.0,76689.0,76689.0,113425.0,107416.0,117659.0,84963.0,113696.0,113710.0
,75701.0,101789.0,60310.0,60310.0,113428.0,60312.0,86947.0,107497.0,42018.0,111663.0
,87993.0,118191.0,107416.0,107416.0,113430.0,91034.0,45990.0,111597.0,42019.0,113712.0
,118713.0,114097.0,91034.0,91034.0,103191.0,117659.0,88999.0,115694.0,113699.0,111669.0
,116670.0,79292.0,117659.0,117659.0,6936.0,86947.0,117672.0,105456.0,117799.0,62520.0
,114631.0,110013.0,86947.0,86947.0,99094.0,45990.0,107437.0,82930.0,113710.0,62521.0
,96202.0,112641.0,45990.0,45990.0,103194.0,88999.0,93102.0,105459.0,111663.0,76870.0
,12236.0,38344.0,88999.0,88999.0,107291.0,117672.0,113583.0,113652.0,113712.0,19529.0
,108516.0,26061.0,117672.0,117672.0,56091.0,107437.0,27569.0,82933.0,111669.0,103499.0
,36842.0,107987.0,97194.0,107437.0,103190.0,93102.0,109493.0,117749.0,62520.0,109648.0
,18411.0,71124.0,107437.0,93102.0,41751.0,113583.0,109494.0,58355.0,62521.0,54353.0
,49150.0,107989.0,93102.0,113583.0,117535.0,27569.0,84921.0,113651.0,76870.0,23634.0
,,107991.0,113583.0,84921.0,70433.0,109493.0,103354.0,80889.0,19529.0,103504.0
,,93656.0,101300.0,103354.0,119591.0,109494.0,103355.0,95227.0,103499.0,103507.0
,,112102.0,84921.0,103355.0,37672.0,84921.0,103356.0,117756.0,109648.0,48223.0
,,34279.0,103354.0,103356.0,54058.0,103354.0,105405.0,109566.0,54353.0,117856.0
,,89579.0,103355.0,105405.0,109361.0,103355.0,119741.0,95230.0,23634.0,83041.0
,,93676.0,103356.0,111550.0,107316.0,103356.0,115647.0,115713.0,103504.0,89194.0
,,114157.0,105405.0,119741.0,92982.0,105405.0,115645.0,115714.0,103507.0,81002.0
,,118258.0,111550.0,115645.0,119621.0,119741.0,56257.0,29701.0,48223.0,107628.0
,,118261.0,119741.0,56257.0,119623.0,115647.0,13249.0,58377.0,117856.0,117869.0
,,73209.0,115645.0,13249.0,119624.0,115645.0,13250.0,109577.0,83041.0,103534.0
,,97792.0,56257.0,115642.0,54087.0,56257.0,80829.0,74761.0,89194.0,117867.0
,,105991.0,115642.0,80829.0,109387.0,13249.0,117701.0,87052.0,81002.0,44144.0
,,79369.0,111549.0,117701.0,97100.0,13250.0,109506.0,74766.0,107628.0,107632.0
,,114185.0,109506.0,111549.0,111438.0,80829.0,74693.0,91151.0,117869.0,103540.0
,,118287.0,117701.0,109506.0,111445.0,117701.0,86984.0,109582.0,103534.0,113782.0
,,75299.0,74693.0,86984.0,117593.0,109506.0,119754.0,115729.0,117867.0,117881.0
,,118307.0,86984.0,74693.0,97114.0,74693.0,117707.0,115731.0,44144.0,109693.0
,,114212.0,119754.0,119754.0,64352.0,86984.0,74705.0,87062.0,107632.0,109694.0
,,56878.0,119755.0,119755.0,45923.0,119754.0,115666.0,115736.0,103540.0,115840.0
,,91699.0,74705.0,74705.0,117605.0,117707.0,41945.0,105496.0,113782.0,105604.0
,,79412.0,78801.0,78801.0,99173.0,74705.0,84963.0,37914.0,117881.0,107658.0
,,99893.0,115666.0,115666.0,78698.0,115666.0,107497.0,109597.0,109693.0,91274.0
,,97847.0,41945.0,41945.0,111469.0,41945.0,111597.0,105502.0,109694.0,1162.0
,,36413.0,66521.0,66521.0,107375.0,84963.0,115694.0,113696.0,115840.0,113808.0
,,108103.0,84963.0,84963.0,109424.0,107497.0,105456.0,42018.0,105604.0,111761.0
,,112211.0,21479.0,21479.0,113523.0,111597.0,82930.0,42019.0,107658.0,117906.0
,,63061.0,107497.0,107497.0,93046.0,115694.0,105459.0,113699.0,91274.0,113815.0
,,118363.0,111597.0,111597.0,93048.0,105456.0,113652.0,117799.0,1162.0,97432.0
,,118364.0,115694.0,115694.0,99194.0,105459.0,82933.0,113710.0,113808.0,97433.0
,,104027.0,105457.0,105457.0,99198.0,58355.0,117749.0,111663.0,111761.0,117914.0
,,118367.0,58355.0,58355.0,60288.0,82933.0,58355.0,113712.0,117906.0,105628.0
,,20063.0,105460.0,105460.0,84865.0,117749.0,113651.0,111669.0,113815.0,99487.0
,,20066.0,117749.0,117749.0,84866.0,80889.0,80889.0,62520.0,97432.0,99490.0
,,112228.0,80886.0,80886.0,107401.0,113657.0,113657.0,62521.0,97433.0,99491.0
,,97893.0,117751.0,117751.0,115594.0,95227.0,95227.0,48194.0,117914.0,99492.0
,,81512.0,113657.0,113657.0,91021.0,117756.0,117756.0,76870.0,105628.0,99493.0
,,93808.0,95227.0,95227.0,78735.0,115709.0,115709.0,19529.0,99487.0,76965.0
,,65144.0,117756.0,117756.0,76689.0,109566.0,109566.0,103499.0,99490.0,54439.0
,,63096.0,115709.0,115709.0,60310.0,95230.0,95230.0,109648.0,99491.0,95399.0
,,118396.0,109566.0,109566.0,107416.0,115713.0,115713.0,54353.0,99492.0,83114.0
,,99972.0,95230.0,95230.0,60312.0,115714.0,115714.0,23634.0,99493.0,111786.0
,,56969.0,115713.0,115713.0,91034.0,29701.0,29701.0,103504.0,76965.0,99500.0
,,61066.0,115714.0,115714.0,117659.0,58377.0,58377.0,103507.0,54439.0,99499.0
,,114316.0,29701.0,29701.0,86947.0,109577.0,109577.0,115800.0,95399.0,70832.0
,,118414.0,58377.0,58377.0,45990.0,74761.0,74761.0,48223.0,83114.0,46260.0
,,52879.0,74761.0,109577.0,88999.0,87052.0,87052.0,117856.0,111786.0,56503.0
,,97934.0,87052.0,74761.0,117672.0,74766.0,74766.0,83041.0,99500.0,83141.0
,,42651.0,74766.0,87052.0,107437.0,91151.0,91151.0,89194.0,99499.0,48334.0
,,116385.0,91151.0,74766.0,93102.0,109582.0,109582.0,81002.0,70832.0,113871.0
,,85672.0,115729.0,91151.0,113583.0,115729.0,115729.0,107628.0,46260.0,113872.0
,,85675.0,11282.0,109582.0,27569.0,11282.0,11282.0,117869.0,56503.0,93397.0
,,83631.0,115731.0,115729.0,109493.0,115731.0,115731.0,103534.0,83141.0,42207.0
,,95932.0,35861.0,11282.0,109494.0,87062.0,87062.0,117867.0,48334.0,105704.0
,,100044.0,87062.0,115731.0,84921.0,115736.0,115736.0,44144.0,113871.0,113904.0
,,100045.0,115736.0,87062.0,103354.0,105496.0,105496.0,107632.0,113872.0,113906.0
,,79566.0,105496.0,115736.0,103355.0,113690.0,113690.0,103540.0,93397.0,44279.0
,,110288.0,113690.0,105496.0,103356.0,37914.0,37914.0,93300.0,42207.0,115960.0
,,87760.0,109597.0,113690.0,105405.0,109597.0,109597.0,113782.0,105704.0,64759.0
,,83669.0,105502.0,37914.0,111550.0,105502.0,105502.0,117879.0,113904.0,109815.0
,,100057.0,42018.0,109597.0,115647.0,113696.0,113696.0,117881.0,113906.0,115963.0
,,116442.0,42019.0,105502.0,119741.0,42018.0,42018.0,109693.0,44279.0,75004.0
,,1755.0,113700.0,113696.0,56257.0,42019.0,42019.0,109694.0,115960.0,70909.0
,,95966.0,117798.0,42018.0,13249.0,113699.0,113699.0,115840.0,64759.0,83198.0
,,118496.0,117799.0,42019.0,115645.0,117799.0,117799.0,105604.0,109815.0,118016.0
,,116449.0,103469.0,113699.0,80829.0,113710.0,113710.0,107658.0,115963.0,52487.0
,,118498.0,113710.0,117798.0,117701.0,111663.0,111663.0,91274.0,75004.0,101639.0
,,116451.0,111663.0,117799.0,111549.0,113712.0,113712.0,1162.0,70909.0,99595.0
,,98019.0,113712.0,103469.0,109506.0,111669.0,111669.0,113808.0,83198.0,97548.0
,,116457.0,111669.0,113710.0,86984.0,62520.0,62520.0,111761.0,118016.0,85261.0
,,112362.0,62520.0,111663.0,74693.0,62521.0,62521.0,117906.0,52487.0,56590.0
,,106218.0,62521.0,113712.0,119754.0,48194.0,48194.0,113815.0,101639.0,103694.0
,,59115.0,76856.0,111669.0,117707.0,76870.0,76870.0,97432.0,99595.0,101648.0
,,50945.0,48194.0,62520.0,119755.0,19529.0,19529.0,97433.0,97548.0,101650.0
,,110338.0,19529.0,62521.0,74705.0,103499.0,103499.0,117914.0,85261.0,101652.0
,,104197.0,105547.0,76856.0,78801.0,109648.0,109648.0,105628.0,56590.0,101653.0
,,96007.0,103499.0,48194.0,115666.0,54353.0,54353.0,99487.0,103694.0,101655.0
,,55048.0,105550.0,19529.0,41945.0,23634.0,23634.0,99490.0,101648.0,79130.0
,,96013.0,109648.0,105547.0,66521.0,103504.0,103504.0,99491.0,101650.0,111904.0
,,108305.0,54353.0,103499.0,84963.0,103507.0,103507.0,99492.0,101652.0,93472.0
,,110354.0,23634.0,105550.0,21479.0,115800.0,115800.0,99493.0,101653.0,95522.0
,,63255.0,103504.0,109648.0,107497.0,48223.0,48223.0,76965.0,101655.0,9504.0
,,100124.0,103507.0,54353.0,111597.0,117856.0,117856.0,54439.0,79130.0,52522.0
,,116510.0,115800.0,23634.0,115694.0,83041.0,83041.0,95399.0,111904.0,107822.0
,,36641.0,109661.0,103504.0,105457.0,89194.0,89194.0,83114.0,111905.0,113967.0
,,81699.0,117856.0,103507.0,58355.0,81002.0,81002.0,111786.0,95522.0,75057.0
,,81701.0,83041.0,115800.0,105460.0,107628.0,107628.0,99500.0,93472.0,75059.0
,,116517.0,89194.0,117856.0,82933.0,117869.0,117869.0,99499.0,9504.0,60723.0
,,63279.0,81002.0,83041.0,80886.0,103534.0,103534.0,70832.0,52522.0,52536.0
,,106294.0,107628.0,89194.0,117749.0,117867.0,117867.0,46260.0,107822.0,81209.0
,,108344.0,117869.0,81002.0,80889.0,44144.0,44144.0,56503.0,113967.0,83267.0
,,108345.0,103534.0,107628.0,113657.0,107632.0,107632.0,83141.0,75057.0,97608.0
,,53052.0,117867.0,117869.0,95227.0,103540.0,103540.0,48334.0,75059.0,85321.0
,,81735.0,44144.0,103534.0,117756.0,93300.0,93300.0,113871.0,60723.0,52554.0
,,116553.0,107632.0,117867.0,115709.0,113782.0,113782.0,113872.0,52536.0,54605.0
,,100175.0,103540.0,44144.0,109566.0,117879.0,117879.0,93397.0,81209.0,87381.0
,,116562.0,93300.0,107632.0,95230.0,109693.0,117881.0,42207.0,83267.0,105815.0
,,106323.0,113782.0,103540.0,115713.0,109694.0,109693.0,105704.0,97608.0,93528.0
,,104274.0,64636.0,93300.0,115714.0,115840.0,109694.0,103663.0,85321.0,107872.0
,,69472.0,109693.0,113782.0,29701.0,105604.0,115840.0,113904.0,52554.0,118119.0
,,118628.0,109694.0,64636.0,58377.0,107658.0,105604.0,113906.0,54605.0,87400.0
,,118630.0,64640.0,109693.0,109577.0,91274.0,107658.0,44279.0,87381.0,87401.0
,,106346.0,105604.0,109694.0,74761.0,1162.0,91274.0,115960.0,93528.0,36202.0
,,116592.0,111749.0,64640.0,87052.0,117898.0,1162.0,64759.0,107872.0,15724.0
,,114547.0,91274.0,105604.0,74766.0,113808.0,117898.0,109815.0,118119.0,58733.0
,,108403.0,1162.0,107658.0,91151.0,111761.0,113808.0,115963.0,87400.0,116078.0
,,81783.0,117898.0,91274.0,109582.0,117906.0,111761.0,75004.0,87401.0,73068.0
,,75640.0,113808.0,1162.0,115729.0,113815.0,117906.0,70909.0,36202.0,99706.0
,,28535.0,19600.0,117898.0,11282.0,97432.0,113815.0,83198.0,15724.0,87419.0
,,112508.0,117906.0,113808.0,115731.0,97433.0,97432.0,118016.0,58733.0,99708.0
,,94077.0,113815.0,19600.0,87062.0,117914.0,97433.0,52487.0,116078.0,118143.0
,,106368.0,97432.0,117906.0,115736.0,105628.0,117914.0,101639.0,73068.0,89476.0
,,49028.0,97433.0,113815.0,105496.0,99487.0,105628.0,99595.0,99706.0,38278.0
,,106376.0,117914.0,97432.0,113690.0,99490.0,99487.0,97548.0,87419.0,99719.0
,,112521.0,105628.0,97433.0,37914.0,99491.0,99490.0,85261.0,99708.0,52619.0
,,108428.0,99487.0,117914.0,109597.0,99492.0,99491.0,56590.0,118143.0,101773.0
,,112525.0,99490.0,105628.0,105502.0,99493.0,99492.0,103694.0,89476.0,60821.0
,,106383.0,99491.0,99487.0,113696.0,76965.0,99493.0,101648.0,38278.0,118166.0
,,53136.0,99492.0,99490.0,42018.0,54439.0,76965.0,107791.0,99719.0,103830.0
,,104338.0,54439.0,99491.0,42019.0,95399.0,54439.0,101650.0,52619.0,52633.0
,,46995.0,95399.0,99492.0,113699.0,83114.0,95399.0,101652.0,101773.0,101786.0
,,96149.0,83114.0,76965.0,117798.0,111786.0,83114.0,101653.0,60821.0,101787.0
,,110492.0,99499.0,54439.0,117799.0,99500.0,111786.0,101655.0,118166.0,101789.0
,,96159.0,99500.0,95399.0,103469.0,99499.0,99500.0,79130.0,103830.0,101790.0
,,108447.0,95407.0,83114.0,113710.0,70832.0,99499.0,111904.0,52633.0,101791.0
,,118692.0,93359.0,99499.0,111663.0,46260.0,70832.0,111905.0,101786.0,101794.0
,,81834.0,70832.0,99500.0,113712.0,56503.0,46260.0,95522.0,101787.0,36267.0
,,90032.0,46260.0,95407.0,111669.0,83141.0,56503.0,93472.0,101789.0,112054.0
,,75701.0,93365.0,93359.0,62520.0,48334.0,83141.0,9504.0,101790.0,32183.0
,,87993.0,56503.0,70832.0,62521.0,113871.0,48334.0,52522.0,101791.0,101816.0
,,38842.0,97471.0,46260.0,76856.0,113872.0,113871.0,107822.0,101794.0,99773.0
,,118713.0,60611.0,93365.0,48194.0,93397.0,113872.0,113967.0,36267.0,110013.0
,,116670.0,83141.0,56503.0,76870.0,42207.0,93397.0,75057.0,112054.0,112067.0
,,96202.0,76999.0,60611.0,19529.0,105704.0,42207.0,75059.0,32183.0,112068.0
,,12236.0,48334.0,83141.0,105547.0,117998.0,105704.0,60723.0,101816.0,112069.0
,,108516.0,113871.0,76999.0,103499.0,103663.0,103663.0,85301.0,99773.0,54727.0
,,110565.0,113872.0,48334.0,109648.0,113904.0,113904.0,52536.0,110013.0,38344.0
,,36842.0,109780.0,113871.0,54353.0,44279.0,44279.0,81209.0,112067.0,40397.0
,,18411.0,93397.0,113872.0,23634.0,115960.0,115960.0,83267.0,112068.0,26061.0
,,38897.0,77017.0,109780.0,103504.0,64759.0,64759.0,97608.0,112069.0,107983.0
,,75762.0,42207.0,93397.0,103507.0,109815.0,109815.0,85321.0,54727.0,107985.0
,,49150.0,105704.0,77017.0,115800.0,115963.0,115963.0,52554.0,38344.0,107987.0
,,,117998.0,42207.0,48223.0,75004.0,75004.0,54605.0,40397.0,107988.0
,,,103663.0,105704.0,117856.0,70909.0,70909.0,87381.0,26061.0,107989.0
,,,113904.0,117998.0,83041.0,83198.0,83198.0,93528.0,107983.0,95702.0
,,,44279.0,103663.0,89194.0,118016.0,118016.0,107872.0,107985.0,107991.0
,,,115960.0,113904.0,81002.0,52487.0,52487.0,118119.0,107987.0,107990.0
,,,109815.0,44279.0,107628.0,101639.0,101639.0,87400.0,107988.0,71124.0
,,,23802.0,115960.0,117869.0,99595.0,99595.0,87401.0,107989.0,91604.0
,,,115963.0,109815.0,103534.0,97548.0,97548.0,36202.0,95702.0,93667.0
,,,75004.0,23802.0,117867.0,85261.0,85261.0,15724.0,107991.0,71139.0
,,,70909.0,115963.0,44144.0,56590.0,56590.0,58733.0,107990.0,93676.0
,,,83198.0,75004.0,107632.0,103694.0,103694.0,116078.0,71124.0,114157.0
,,,118016.0,70909.0,103540.0,101648.0,101648.0,73068.0,91604.0,112124.0
,,,101639.0,83198.0,93300.0,107791.0,107791.0,99706.0,93667.0,97792.0
,,,99595.0,118016.0,113782.0,101650.0,101650.0,87419.0,71139.0,62976.0
,,,97548.0,101639.0,117879.0,101652.0,101652.0,99708.0,81380.0,79367.0
,,,85261.0,99595.0,64636.0,101653.0,101653.0,118143.0,93676.0,105991.0
,,,103694.0,97548.0,109693.0,95510.0,101655.0,89476.0,114157.0,79369.0
,,,107791.0,85261.0,109694.0,101655.0,79130.0,38278.0,112124.0,114186.0
,,,101648.0,103694.0,115840.0,79130.0,111904.0,99719.0,97792.0,36363.0
,,,101653.0,107791.0,64640.0,111904.0,111905.0,52619.0,62976.0,79372.0
,,,95510.0,101648.0,105604.0,111905.0,95522.0,101773.0,105991.0,112141.0
,,,79130.0,101653.0,107658.0,95522.0,93472.0,60821.0,118279.0,118279.0
,,,81180.0,95510.0,91274.0,93472.0,9504.0,118166.0,79369.0,58897.0
,,,111904.0,79130.0,1162.0,9504.0,52522.0,103830.0,114186.0,58900.0
,,,9504.0,111904.0,117898.0,52522.0,107822.0,52633.0,36363.0,110101.0
,,,95522.0,111905.0,113808.0,107822.0,113967.0,101786.0,79372.0,114198.0
,,,52522.0,95522.0,111761.0,113967.0,75057.0,101787.0,112141.0,118307.0
,,,107822.0,9504.0,19600.0,75057.0,75059.0,101789.0,58897.0,75300.0
,,,113967.0,52522.0,117906.0,75059.0,60723.0,101790.0,58900.0,114212.0
,,,75057.0,107822.0,113815.0,60723.0,85301.0,101791.0,110101.0,114217.0
,,,75059.0,113967.0,97432.0,85301.0,52536.0,101794.0,114198.0,101934.0
,,,60723.0,75057.0,97433.0,52536.0,81209.0,36267.0,118307.0,118322.0
,,,85301.0,75059.0,117914.0,83267.0,83267.0,107950.0,75300.0,79412.0
,,,52536.0,60723.0,105628.0,97608.0,97608.0,118193.0,114212.0,99893.0
,,,83267.0,85301.0,99487.0,85321.0,85321.0,112054.0,114217.0,101944.0
,,,118085.0,52536.0,99490.0,54605.0,52554.0,32183.0,101934.0,97849.0
,,,85321.0,83267.0,99491.0,83278.0,54605.0,101816.0,118322.0,101946.0
,,,83278.0,118085.0,99492.0,87381.0,87381.0,99773.0,79412.0,36413.0
,,,87381.0,85321.0,99493.0,93528.0,93528.0,110013.0,99893.0,108103.0
,,,109913.0,83278.0,76965.0,107872.0,107872.0,112067.0,101944.0,116296.0
,,,107872.0,87381.0,54439.0,118119.0,118119.0,112068.0,97849.0,114255.0
,,,87400.0,109913.0,95399.0,87400.0,87400.0,112069.0,101946.0,63061.0
,,,36202.0,107872.0,83114.0,36202.0,36202.0,54727.0,36413.0,67158.0
,,,15724.0,87400.0,111786.0,15724.0,73068.0,38344.0,108103.0,56924.0
,,,58733.0,36202.0,99500.0,58733.0,58733.0,40397.0,116296.0,118365.0
,,,116078.0,15724.0,99499.0,116078.0,116078.0,26061.0,114255.0,114269.0
,,,73068.0,58733.0,95407.0,73068.0,15724.0,107983.0,63061.0,114273.0
,,,107896.0,116078.0,93359.0,99706.0,99706.0,107985.0,67158.0,118369.0
,,,99706.0,73068.0,70832.0,87419.0,87419.0,107987.0,56924.0,56932.0
,,,87419.0,107896.0,46260.0,99708.0,99708.0,107988.0,118365.0,99946.0
,,,99708.0,99706.0,93365.0,118143.0,118143.0,107989.0,114269.0,108142.0
,,,118143.0,87419.0,56503.0,114051.0,114051.0,95702.0,114273.0,93808.0
,,,110592.0,99708.0,60611.0,89476.0,89476.0,107991.0,71268.0,108146.0
,,,89476.0,118143.0,83141.0,38278.0,38278.0,107990.0,56932.0,114290.0
,,,112005.0,89476.0,76999.0,99719.0,99719.0,71124.0,99946.0,118388.0
,,,38278.0,112005.0,48334.0,52619.0,52619.0,91604.0,108142.0,65144.0
,,,112004.0,38278.0,113871.0,101773.0,101773.0,118235.0,93808.0,63096.0
,,,52619.0,112004.0,113872.0,60821.0,60821.0,93667.0,108146.0,65145.0
,,,112012.0,52619.0,109780.0,118166.0,118166.0,71139.0,114290.0,118396.0
,,,60821.0,112012.0,93397.0,103830.0,103830.0,81380.0,118388.0,71293.0
,,,118166.0,60821.0,104452.0,52633.0,52633.0,34279.0,65144.0,99972.0
,,,112023.0,118166.0,77017.0,101786.0,101786.0,93676.0,63096.0,114312.0
,,,103831.0,112023.0,42207.0,101787.0,101787.0,114157.0,65145.0,61066.0
,,,52633.0,103831.0,105704.0,101789.0,101789.0,112124.0,118396.0,91787.0
,,,101786.0,52633.0,117998.0,101790.0,101790.0,97792.0,71293.0,114316.0
,,,101787.0,101786.0,103663.0,101791.0,101791.0,62976.0,99972.0,118414.0
,,,101789.0,101787.0,113904.0,101794.0,101794.0,112128.0,114312.0,97936.0
,,,101790.0,101789.0,44279.0,36267.0,36267.0,105991.0,61066.0,118417.0
,,,101791.0,101790.0,115960.0,107950.0,107950.0,118279.0,91787.0,87696.0
,,,101794.0,101791.0,64759.0,95664.0,95664.0,79369.0,114316.0,104083.0
,,,36267.0,101794.0,109815.0,118193.0,118193.0,114186.0,118414.0,83603.0
,,,107950.0,36267.0,115963.0,112054.0,112054.0,36363.0,97936.0,97940.0
,,,118191.0,107950.0,75004.0,101816.0,101816.0,79372.0,118417.0,44698.0
,,,95664.0,118191.0,70909.0,79292.0,79292.0,112141.0,87696.0,42651.0
,,,114097.0,95664.0,83198.0,99773.0,99773.0,110096.0,104083.0,112285.0
,,,79292.0,114097.0,118016.0,110013.0,110013.0,58897.0,83603.0,114334.0
,,,99773.0,79292.0,52487.0,112067.0,112067.0,58900.0,97940.0,116389.0
,,,110013.0,99773.0,101639.0,112068.0,112068.0,110101.0,44698.0,116391.0
,,,112067.0,110013.0,99595.0,112069.0,112069.0,114198.0,42651.0,118440.0
,,,112069.0,112067.0,97548.0,54727.0,54727.0,118307.0,112285.0,106153.0
,,,112641.0,112069.0,85261.0,38344.0,38344.0,75300.0,114334.0,116394.0
,,,54727.0,112641.0,56590.0,40397.0,40397.0,114212.0,116389.0,83631.0
,,,38344.0,54727.0,103694.0,26061.0,26061.0,114217.0,116391.0,95920.0
,,,40397.0,38344.0,101648.0,107983.0,107983.0,101934.0,118440.0,95932.0
,,,26061.0,40397.0,107791.0,107985.0,107985.0,118320.0,106153.0,89796.0
,,,107983.0,26061.0,101650.0,107987.0,107987.0,118322.0,116394.0,110281.0
,,,112643.0,107983.0,101652.0,107988.0,107988.0,79412.0,83631.0,77515.0
,,,107985.0,107985.0,101653.0,107989.0,107989.0,99893.0,95920.0,100044.0
,,,107987.0,107987.0,95510.0,95702.0,95702.0,101944.0,95932.0,100045.0
,,,107988.0,107988.0,101655.0,107991.0,107991.0,97849.0,89796.0,67283.0
,,,107989.0,107989.0,79130.0,107990.0,107990.0,101946.0,110281.0,100057.0
,,,107990.0,95702.0,111904.0,71124.0,71124.0,36413.0,77515.0,116442.0
,,,107991.0,107991.0,111905.0,91604.0,91604.0,108103.0,100044.0,1755.0
,,,71124.0,107990.0,95522.0,118235.0,118235.0,116296.0,100045.0,71388.0
,,,118235.0,71124.0,93472.0,93667.0,93667.0,114255.0,67283.0,106205.0
,,,71139.0,118235.0,9504.0,71139.0,71139.0,63061.0,100057.0,112350.0
,,,81380.0,71139.0,52522.0,81380.0,81380.0,67158.0,116442.0,11997.0
,,,112102.0,81380.0,107822.0,112102.0,112102.0,56924.0,1755.0,118496.0
,,,34279.0,112102.0,113967.0,34279.0,34279.0,118365.0,71388.0,95966.0
,,,89579.0,34279.0,75057.0,93676.0,93676.0,114269.0,106205.0,118498.0
,,,93676.0,89579.0,75059.0,114157.0,114157.0,114273.0,112350.0,77539.0
,,,114157.0,93676.0,60723.0,73209.0,73209.0,71268.0,11997.0,59115.0
,,,118258.0,114157.0,85301.0,97792.0,97792.0,56932.0,118496.0,108283.0
,,,118261.0,118258.0,52536.0,62976.0,62976.0,99946.0,95966.0,81664.0
,,,73209.0,118261.0,83267.0,112128.0,112128.0,108142.0,118498.0,110338.0
,,,97792.0,73209.0,118085.0,105991.0,105991.0,93808.0,77539.0,106247.0
,,,105991.0,97792.0,97608.0,118279.0,118279.0,108146.0,59115.0,96007.0
,,,118279.0,105991.0,85321.0,79369.0,79369.0,114290.0,108283.0,108298.0
,,,79369.0,118279.0,54605.0,114186.0,114186.0,118388.0,81664.0,96011.0
,,,114185.0,79369.0,83278.0,36363.0,36363.0,65144.0,110338.0,44812.0
,,,112141.0,114185.0,87381.0,79372.0,79372.0,63096.0,106247.0,108305.0
,,,118287.0,112141.0,93528.0,112141.0,112141.0,65145.0,96007.0,63255.0
,,,110096.0,118287.0,109913.0,118287.0,118287.0,118396.0,108298.0,63260.0
,,,58897.0,110096.0,107872.0,110096.0,110096.0,71293.0,96011.0,100124.0
,,,58900.0,58897.0,118119.0,58897.0,58897.0,99972.0,44812.0,79648.0
,,,114198.0,58900.0,87400.0,58900.0,58900.0,65156.0,108305.0,104227.0
,,,22045.0,114692.0,36202.0,114198.0,110101.0,114312.0,63255.0,81699.0
,,,118307.0,114198.0,15724.0,118307.0,114198.0,61066.0,63260.0,81701.0
,,,114212.0,22045.0,58733.0,75300.0,118307.0,91787.0,100124.0,65319.0
,,,114217.0,118307.0,116078.0,114212.0,75300.0,114316.0,79648.0,106279.0
,,,56878.0,114212.0,73068.0,114217.0,114212.0,118414.0,104227.0,83753.0
,,,101934.0,114217.0,107896.0,101934.0,114217.0,97936.0,81699.0,106282.0
,,,118320.0,56878.0,99706.0,118320.0,101934.0,118417.0,81701.0,110385.0
,,,91699.0,101934.0,87419.0,118322.0,118320.0,87696.0,65319.0,65336.0
,,,79412.0,118320.0,99708.0,79412.0,118322.0,104083.0,106279.0,108345.0
,,,99893.0,118322.0,118143.0,99893.0,79412.0,83603.0,83753.0,81725.0
,,,97847.0,91699.0,114051.0,97849.0,99893.0,97940.0,106282.0,110409.0
,,,97849.0,79412.0,89476.0,36413.0,101944.0,44698.0,110385.0,118602.0
,,,36413.0,99893.0,112005.0,108103.0,97849.0,42651.0,65336.0,112459.0
,,,108103.0,97849.0,38278.0,116296.0,101946.0,112285.0,108345.0,104268.0
,,,114255.0,36413.0,112004.0,114255.0,36413.0,114334.0,81725.0,108369.0
,,,112210.0,108103.0,99719.0,112210.0,108103.0,116389.0,110409.0,104274.0
,,,112211.0,114255.0,52619.0,63061.0,116296.0,116391.0,118602.0,102229.0
,,,63061.0,112210.0,112012.0,67158.0,114255.0,118440.0,112459.0,77659.0
,,,118363.0,112211.0,101773.0,104027.0,112210.0,106153.0,104268.0,118628.0
,,,118364.0,63061.0,60821.0,56924.0,63061.0,116394.0,108369.0,118630.0
,,,56924.0,118363.0,118166.0,118365.0,67158.0,83631.0,104274.0,106346.0
,,,104027.0,118364.0,112023.0,114269.0,56924.0,95920.0,102229.0,102251.0
,,,118367.0,56924.0,103831.0,118367.0,118365.0,95932.0,85846.0,79725.0
,,,20063.0,104027.0,52633.0,114273.0,114269.0,89796.0,77659.0,116592.0
,,,114273.0,118367.0,101786.0,71268.0,118367.0,110281.0,118628.0,18290.0
,,,20066.0,20063.0,101787.0,56932.0,114273.0,77515.0,118630.0,81783.0
,,,114269.0,114273.0,103830.0,50791.0,71268.0,100044.0,106346.0,53111.0
,,,71268.0,20066.0,101789.0,99946.0,56932.0,100045.0,102251.0,65401.0
,,,97893.0,114269.0,101790.0,108142.0,50791.0,67283.0,79725.0,75640.0
,,,112228.0,71268.0,101791.0,93808.0,99946.0,100057.0,116592.0,112508.0
,,,50791.0,97893.0,101794.0,108146.0,108142.0,116442.0,18290.0,106365.0
,,,81512.0,112228.0,36267.0,114290.0,93808.0,1755.0,81783.0,106368.0
,,,108142.0,50791.0,107950.0,118388.0,108146.0,71388.0,53111.0,65411.0
,,,93808.0,99946.0,95664.0,65144.0,114290.0,106205.0,65401.0,100229.0
,,,65144.0,108142.0,114097.0,63096.0,118388.0,112350.0,75640.0,51080.0
,,,63096.0,93808.0,118193.0,65145.0,65144.0,11997.0,112508.0,106383.0
,,,65145.0,118388.0,112054.0,118396.0,63096.0,118496.0,106365.0,53136.0
,,,118396.0,65144.0,101816.0,71293.0,65145.0,116449.0,106368.0,106384.0
,,,104066.0,63096.0,79292.0,99972.0,118396.0,118498.0,65411.0,104338.0
,,,99972.0,65145.0,99773.0,65156.0,71293.0,77539.0,100229.0,118677.0
,,,65156.0,118396.0,110013.0,114312.0,99972.0,95966.0,51080.0,118678.0
,,,97929.0,71293.0,112067.0,97929.0,65156.0,59115.0,106383.0,118680.0
,,,61066.0,104066.0,112068.0,61066.0,114312.0,116474.0,53136.0,116641.0
,,,56969.0,99972.0,112069.0,91787.0,97929.0,108283.0,106384.0,110498.0
,,,114316.0,65156.0,112641.0,114316.0,61066.0,34554.0,104338.0,81834.0
,,,97933.0,114312.0,54727.0,97933.0,91787.0,81664.0,118677.0,114603.0
,,,118414.0,97929.0,38344.0,118414.0,114316.0,110338.0,118678.0,28588.0
,,,52879.0,61066.0,40397.0,52879.0,97933.0,106247.0,118680.0,100272.0
,,,97934.0,56969.0,26061.0,97936.0,118414.0,96007.0,116641.0,118705.0
,,,118412.0,114316.0,107983.0,118417.0,52879.0,108298.0,110498.0,96180.0
,,,87696.0,97933.0,107985.0,118412.0,97936.0,96011.0,81834.0,75701.0
,,,87702.0,118414.0,107987.0,104083.0,118417.0,44812.0,114603.0,38842.0
,,,3737.0,52879.0,107988.0,97940.0,118412.0,108305.0,28588.0,98235.0
,,,42651.0,97934.0,107989.0,87696.0,104083.0,110354.0,100272.0,108481.0
,,,114334.0,118412.0,95702.0,87702.0,83603.0,63255.0,118705.0,96202.0
,,,116385.0,87696.0,107991.0,44698.0,97940.0,63260.0,96180.0,118737.0
,,,116389.0,87702.0,107990.0,42651.0,87702.0,100124.0,75701.0,118740.0
,,,116391.0,3737.0,71124.0,112285.0,87696.0,79648.0,38842.0,100318.0
,,,85672.0,42651.0,91604.0,114334.0,44698.0,104227.0,107449.0,110565.0
,,,106153.0,114334.0,118235.0,116385.0,42651.0,81699.0,98235.0,110566.0
,,,116394.0,116385.0,93667.0,116389.0,112285.0,81701.0,108481.0,110567.0
,,,85675.0,116389.0,71139.0,116391.0,114334.0,116517.0,96202.0,106479.0
,,,83631.0,116391.0,81380.0,118440.0,116389.0,65319.0,118737.0,38897.0
,,,95932.0,85672.0,112102.0,106153.0,116391.0,106279.0,118740.0,75762.0
,,,116418.0,106153.0,34279.0,116394.0,118440.0,83753.0,100318.0,49150.0
,,,77515.0,116394.0,89579.0,83631.0,106153.0,106282.0,110565.0,
,,,100044.0,85675.0,93676.0,95920.0,116394.0,110385.0,110566.0,
,,,100045.0,83631.0,114157.0,95932.0,83631.0,65336.0,110567.0,
,,,79566.0,95932.0,118258.0,116418.0,95920.0,108345.0,106479.0,
,,,110288.0,116418.0,118261.0,89796.0,95932.0,81725.0,38897.0,
,,,67283.0,110281.0,73209.0,110281.0,116418.0,110409.0,75762.0,
,,,83669.0,77515.0,97792.0,77515.0,89796.0,118602.0,49150.0,
,,,100057.0,100044.0,62976.0,100044.0,110281.0,112459.0,,
,,,116442.0,100045.0,112128.0,100045.0,77515.0,104268.0,,
,,,1755.0,79566.0,105991.0,79566.0,100044.0,114510.0,,
,,,112350.0,110288.0,118279.0,67283.0,100045.0,100175.0,,
,,,95966.0,67283.0,79369.0,83669.0,79566.0,108369.0,,
,,,118496.0,83669.0,114186.0,100057.0,67283.0,104274.0,,
,,,116449.0,100057.0,36363.0,116442.0,83669.0,102229.0,,
,,,118498.0,116442.0,79372.0,1755.0,100057.0,85846.0,,
,,,116451.0,1755.0,112141.0,71388.0,116442.0,77659.0,,
,,,77539.0,112350.0,114185.0,106205.0,1755.0,118628.0,,
,,,98019.0,95966.0,118287.0,112350.0,71388.0,118630.0,,
,,,116457.0,118496.0,110096.0,11997.0,106205.0,106346.0,,
,,,112362.0,116449.0,58897.0,118496.0,112350.0,102251.0,,
,,,106218.0,118498.0,58900.0,116449.0,11997.0,79725.0,,
,,,59115.0,116451.0,114692.0,118498.0,118496.0,116592.0,,
,,,40694.0,77539.0,114198.0,116451.0,116449.0,18290.0,,
,,,116474.0,116457.0,22045.0,77539.0,118498.0,81783.0,,
,,,108283.0,112362.0,118307.0,95966.0,77539.0,53111.0,,
,,,34554.0,106218.0,75300.0,116457.0,95966.0,65401.0,,
,,,81664.0,59115.0,114212.0,106218.0,116457.0,75640.0,,
,,,50945.0,40694.0,114217.0,59115.0,59115.0,112508.0,,
,,,110338.0,116474.0,56878.0,116474.0,116474.0,106365.0,,
,,,104197.0,108283.0,101934.0,108283.0,108283.0,106368.0,,
,,,106247.0,34554.0,118320.0,34554.0,34554.0,65411.0,,
,,,96007.0,81664.0,118322.0,81664.0,81664.0,100229.0,,
,,,55048.0,50945.0,91699.0,50945.0,50945.0,51080.0,,
,,,108298.0,110338.0,79412.0,110338.0,110338.0,106383.0,,
,,,96011.0,104197.0,99893.0,106247.0,106247.0,53136.0,,
,,,44812.0,106247.0,97849.0,96007.0,96007.0,106384.0,,
,,,96013.0,96007.0,36413.0,55048.0,55048.0,104338.0,,
,,,108305.0,55048.0,108103.0,108298.0,108298.0,118677.0,,
,,,110354.0,108298.0,116296.0,96011.0,96011.0,118678.0,,
,,,63255.0,96011.0,114255.0,44812.0,44812.0,118680.0,,
,,,63260.0,44812.0,112210.0,108305.0,108305.0,116641.0,,
,,,100124.0,108305.0,112211.0,110354.0,110354.0,110498.0,,
,,,116510.0,110354.0,63061.0,63255.0,63255.0,81834.0,,
,,,71455.0,63255.0,118363.0,63260.0,63260.0,114603.0,,
,,,36641.0,63260.0,118364.0,100124.0,100124.0,28588.0,,
,,,104227.0,100124.0,118365.0,79648.0,79648.0,100272.0,,
,,,81699.0,116510.0,56924.0,104227.0,104227.0,118705.0,,
,,,81701.0,71455.0,118367.0,81699.0,81699.0,96180.0,,
,,,116517.0,36641.0,20063.0,81701.0,81701.0,75701.0,,
,,,65319.0,104227.0,114273.0,116517.0,116517.0,38842.0,,
,,,106279.0,81699.0,20066.0,65319.0,65319.0,107449.0,,
,,,83753.0,81701.0,104027.0,106279.0,106279.0,110524.0,,
,,,63279.0,116517.0,114269.0,83753.0,83753.0,98235.0,,
,,,110385.0,65319.0,97893.0,106282.0,106282.0,108481.0,,
,,,85810.0,106279.0,71268.0,63279.0,110385.0,118721.0,,
,,,108339.0,83753.0,50791.0,110385.0,65336.0,96202.0,,
,,,106294.0,63279.0,112228.0,65336.0,108345.0,12236.0,,
,,,108344.0,110385.0,51208.0,108345.0,53052.0,118737.0,,
,,,108345.0,85810.0,99946.0,53052.0,81725.0,118740.0,,
,,,65336.0,108339.0,56932.0,116553.0,110409.0,100318.0,,
,,,53052.0,106294.0,108142.0,110409.0,118602.0,110565.0,,
,,,59393.0,108344.0,93808.0,112459.0,112459.0,110566.0,,
,,,81735.0,108345.0,108146.0,104268.0,104268.0,110567.0,,
,,,116553.0,65336.0,118388.0,118602.0,114510.0,106479.0,,
,,,110409.0,53052.0,65144.0,114510.0,100175.0,38897.0,,
,,,112459.0,59393.0,63096.0,100175.0,108369.0,75762.0,,
,,,104268.0,81735.0,65145.0,108369.0,104274.0,49150.0,,
,,,100175.0,116553.0,118396.0,104274.0,102229.0,,,
,,,85840.0,110409.0,71293.0,102229.0,85846.0,,,
,,,108369.0,112459.0,99972.0,85846.0,77659.0,,,
,,,116562.0,104268.0,65156.0,77659.0,118628.0,,,
,,,106323.0,114510.0,114312.0,69475.0,118630.0,,,
,,,104274.0,100175.0,97929.0,118628.0,106346.0,,,
,,,102229.0,85840.0,61066.0,118630.0,79725.0,,,
,,,69472.0,108369.0,91787.0,106346.0,114542.0,,,
,,,69475.0,116562.0,114316.0,79725.0,116592.0,,,
,,,118628.0,106323.0,97933.0,114542.0,18290.0,,,
,,,118630.0,104274.0,118414.0,116592.0,81783.0,,,
,,,106346.0,102229.0,52879.0,18290.0,53111.0,,,
,,,79725.0,69472.0,97934.0,81783.0,65401.0,,,
,,,114542.0,69475.0,97936.0,53111.0,75640.0,,,
,,,116592.0,118628.0,56969.0,65401.0,112508.0,,,
,,,114547.0,118630.0,104083.0,75640.0,106365.0,,,
,,,108403.0,106346.0,97940.0,112508.0,106368.0,,,
,,,81783.0,79725.0,118412.0,106365.0,65411.0,,,
,,,75640.0,114542.0,87702.0,106368.0,49028.0,,,
,,,65401.0,116592.0,87696.0,65411.0,102277.0,,,
,,,28535.0,18290.0,3737.0,49028.0,100229.0,,,
,,,112508.0,108403.0,44698.0,102277.0,51080.0,,,
,,,106365.0,81783.0,42651.0,100229.0,106383.0,,,
,,,94077.0,75640.0,112285.0,51080.0,53136.0,,,
,,,106368.0,65401.0,114334.0,106383.0,106384.0,,,
,,,65411.0,28535.0,116385.0,53136.0,104338.0,,,
,,,49028.0,112508.0,116389.0,106384.0,118677.0,,,
,,,106376.0,106365.0,116391.0,104338.0,118678.0,,,
,,,112521.0,94077.0,118440.0,118677.0,118680.0,,,
,,,108428.0,106368.0,106153.0,118678.0,110492.0,,,
,,,112525.0,65411.0,116394.0,40853.0,96160.0,,,
,,,106383.0,49028.0,85675.0,118680.0,116641.0,,,
,,,53136.0,106376.0,85672.0,104341.0,110498.0,,,
,,,104338.0,51080.0,83631.0,110492.0,81834.0,,,
,,,46995.0,108428.0,95920.0,96160.0,114603.0,,,
,,,118677.0,112525.0,95932.0,116641.0,28588.0,,,
,,,118678.0,106383.0,116418.0,110498.0,100272.0,,,
,,,96149.0,53136.0,89796.0,81834.0,118705.0,,,
,,,118680.0,104338.0,110281.0,114603.0,96180.0,,,
,,,40853.0,46995.0,77515.0,28588.0,75701.0,,,
,,,104341.0,118677.0,100044.0,100272.0,38842.0,,,
,,,110492.0,118678.0,100045.0,118705.0,107449.0,,,
,,,96159.0,96149.0,79566.0,96180.0,110524.0,,,
,,,96160.0,118680.0,110288.0,75701.0,98235.0,,,
,,,116641.0,40853.0,67283.0,38842.0,108481.0,,,
,,,108447.0,104341.0,83669.0,107449.0,118721.0,,,
,,,118692.0,110492.0,100057.0,110524.0,96202.0,,,
,,,81834.0,96159.0,116442.0,98235.0,12236.0,,,
,,,90032.0,96160.0,1755.0,108481.0,118737.0,,,
,,,118705.0,116641.0,71388.0,118721.0,118740.0,,,
,,,100272.0,110498.0,106205.0,96202.0,100318.0,,,
,,,96180.0,118692.0,112350.0,12236.0,110565.0,,,
,,,75701.0,81834.0,11997.0,118737.0,110566.0,,,
,,,87993.0,90032.0,118496.0,118740.0,110567.0,,,
,,,38842.0,118705.0,116449.0,100318.0,106479.0,,,
,,,107449.0,100272.0,118498.0,110565.0,38897.0,,,
,,,110524.0,96180.0,116451.0,110566.0,75762.0,,,
,,,98235.0,75701.0,77539.0,110567.0,57334.0,,,
,,,116670.0,87993.0,95966.0,18411.0,49150.0,,,
,,,108481.0,38842.0,116457.0,106479.0,,,,
,,,118722.0,107449.0,112362.0,38897.0,,,,
,,,96202.0,110524.0,106218.0,75762.0,,,,
,,,12236.0,98235.0,59115.0,57334.0,,,,
,,,118740.0,116670.0,40694.0,49150.0,,,,
,,,100318.0,108481.0,116474.0,,,,,
,,,110565.0,118722.0,108283.0,,,,,
,,,110567.0,96202.0,34554.0,,,,,
,,,36842.0,12236.0,81664.0,,,,,
,,,18411.0,118737.0,50945.0,,,,,
,,,106479.0,118740.0,110338.0,,,,,
,,,42992.0,100318.0,104197.0,,,,,
,,,38897.0,110565.0,106247.0,,,,,
,,,75762.0,110567.0,96007.0,,,,,
,,,57334.0,36842.0,55048.0,,,,,
,,,49150.0,18411.0,108298.0,,,,,
,,,,106479.0,96011.0,,,,,
,,,,42992.0,44812.0,,,,,
,,,,38897.0,108305.0,,,,,
,,,,75762.0,110354.0,,,,,
,,,,57334.0,63255.0,,,,,
,,,,49150.0,63260.0,,,,,
,,,,,100124.0,,,,,
,,,,,116510.0,,,,,
,,,,,71455.0,,,,,
,,,,,79648.0,,,,,
,,,,,36641.0,,,,,
,,,,,104227.0,,,,,
,,,,,81699.0,,,,,
,,,,,81701.0,,,,,
,,,,,116517.0,,,,,
,,,,,65319.0,,,,,
,,,,,106279.0,,,,,
,,,,,83753.0,,,,,
,,,,,106282.0,,,,,
,,,,,63279.0,,,,,
,,,,,110385.0,,,,,
,,,,,85810.0,,,,,
,,,,,108339.0,,,,,
,,,,,106294.0,,,,,
,,,,,108344.0,,,,,
,,,,,108345.0,,,,,
,,,,,65336.0,,,,,
,,,,,53052.0,,,,,
,,,,,59393.0,,,,,
,,,,,81735.0,,,,,
,,,,,116553.0,,,,,
,,,,,110409.0,,,,,
,,,,,112459.0,,,,,
,,,,,104268.0,,,,,
,,,,,118602.0,,,,,
,,,,,114510.0,,,,,
,,,,,100175.0,,,,,
,,,,,108369.0,,,,,
,,,,,116562.0,,,,,
,,,,,106323.0,,,,,
,,,,,104274.0,,,,,
,,,,,102229.0,,,,,
,,,,,85846.0,,,,,
,,,,,77659.0,,,,,
,,,,,69472.0,,,,,
,,,,,69475.0,,,,,
,,,,,118628.0,,,,,
,,,,,118630.0,,,,,
,,,,,106346.0,,,,,
,,,,,79725.0,,,,,
,,,,,114542.0,,,,,
,,,,,116592.0,,,,,
,,,,,18290.0,,,,,
,,,,,108403.0,,,,,
,,,,,81783.0,,,,,
,,,,,53111.0,,,,,
,,,,,65401.0,,,,,
,,,,,75640.0,,,,,
,,,,,28535.0,,,,,
,,,,,112508.0,,,,,
,,,,,106365.0,,,,,
,,,,,94077.0,,,,,
,,,,,106368.0,,,,,
,,,,,65411.0,,,,,
,,,,,49028.0,,,,,
,,,,,102277.0,,,,,
,,,,,100229.0,,,,,
,,,,,106376.0,,,,,
,,,,,51080.0,,,,,
,,,,,112525.0,,,,,
,,,,,106383.0,,,,,
,,,,,53136.0,,,,,
,,,,,106384.0,,,,,
,,,,,104338.0,,,,,
,,,,,46995.0,,,,,
,,,,,118677.0,,,,,
,,,,,118678.0,,,,,
,,,,,96149.0,,,,,
,,,,,118680.0,,,,,
,,,,,40853.0,,,,,
,,,,,104341.0,,,,,
,,,,,110492.0,,,,,
,,,,,96159.0,,,,,
,,,,,96160.0,,,,,
,,,,,116641.0,,,,,
,,,,,110498.0,,,,,
,,,,,118692.0,,,,,
,,,,,81834.0,,,,,
,,,,,28588.0,,,,,
,,,,,90032.0,,,,,
,,,,,118705.0,,,,,
,,,,,100272.0,,,,,
,,,,,96180.0,,,,,
,,,,,75701.0,,,,,
,,,,,38842.0,,,,,
,,,,,107449.0,,,,,
,,,,,110524.0,,,,,
,,,,,98235.0,,,,,
,,,,,116670.0,,,,,
,,,,,108481.0,,,,,
,,,,,118722.0,,,,,
,,,,,118721.0,,,,,
,,,,,96202.0,,,,,
,,,,,12236.0,,,,,
,,,,,118737.0,,,,,
,,,,,118740.0,,,,,
,,,,,100318.0,,,,,
,,,,,110565.0,,,,,
,,,,,110566.0,,,,,
,,,,,110567.0,,,,,
,,,,,36842.0,,,,,
,,,,,18411.0,,,,,
,,,,,106479.0,,,,,
,,,,,42992.0,,,,,
,,,,,38897.0,,,,,
,,,,,75762.0,,,,,
,,,,,57334.0,,,,,
,,,,,49150.0,,,,,
